State,crop,N,P,K
Andhra Pradesh,arecanut,60.670768235376904,27.928900777470574,44.98908905291302
Andhra Pradesh,arhar/tur,60.6707682353769,27.928900777470574,44.98908905291302
Andhra Pradesh,bajra,60.670768235376904,27.928900777470574,44.98908905291302
Andhra Pradesh,banana,60.6707682353769,27.928900777470574,44.98908905291302
Andhra Pradesh,black pepper,60.6707682353769,27.928900777470574,44.98908905291302
Andhra Pradesh,cashewnut,60.670768235376904,27.928900777470574,44.98908905291302
Andhra Pradesh,castor seed,60.6707682353769,27.928900777470574,44.98908905291302
Andhra Pradesh,coconut,60.670768235376904,27.928900777470574,44.98908905291302
Andhra Pradesh,coriander,60.6707682353769,27.928900777470574,44.98908905291302
Andhra Pradesh,cotton(lint),60.6707682353769,27.928900777470574,44.98908905291302
Andhra Pradesh,cowpea(lobia),60.670768235376904,27.928900777470574,44.98908905291302
Andhra Pradesh,dry chillies,60.670768235376904,27.928900777470574,44.98908905291302
Andhra Pradesh,garlic,60.6707682353769,27.928900777470574,44.98908905291302
Andhra Pradesh,ginger,60.670768235376904,27.928900777470574,44.98908905291302
Andhra Pradesh,gram,60.670768235376904,27.928900777470574,44.98908905291302
Andhra Pradesh,groundnut,60.670768235376904,27.928900777470574,44.98908905291302
Andhra Pradesh,guar seed,60.6707682353769,27.928900777470574,44.98908905291302
Andhra Pradesh,horse-gram,60.670768235376904,27.928900777470574,44.98908905291302
Andhra Pradesh,jowar,60.670768235376904,27.928900777470574,44.98908905291302
Andhra Pradesh,linseed,60.670768235376904,27.928900777470574,44.98908905291302
Andhra Pradesh,maize,73.23160060828877,32.547378048128344,46.108785568181816
Andhra Pradesh,mesta,60.6707682353769,27.928900777470574,44.98908905291302
Andhra Pradesh,moong(green gram),60.670768235376904,27.928900777470574,44.98908905291302
Andhra Pradesh,niger seed,60.67076823537689,27.928900777470574,44.98908905291302
Andhra Pradesh,oilseeds total,60.670768235376904,27.928900777470574,44.98908905291302
Andhra Pradesh,onion,60.670768235376904,27.928900777470574,44.98908905291302
Andhra Pradesh,other  rabi pulses,60.6707682353769,27.928900777470574,44.98908905291302
Andhra Pradesh,other kharif pulses,60.6707682353769,27.928900777470574,44.98908905291302
Andhra Pradesh,other oilseeds,60.6707682353769,27.928900777470574,44.98908905291302
Andhra Pradesh,potato,60.6707682353769,27.928900777470574,44.98908905291302
Andhra Pradesh,ragi,60.670768235376904,27.928900777470574,44.98908905291302
Andhra Pradesh,rapeseed &mustard,60.67076823537689,27.928900777470574,44.98908905291302
Andhra Pradesh,rice,50.047892857142855,24.022988571428574,44.04214571428571
Andhra Pradesh,safflower,60.6707682353769,27.928900777470574,44.98908905291302
Andhra Pradesh,sannhamp,60.6707682353769,27.928900777470574,44.98908905291302
Andhra Pradesh,sesamum,60.670768235376904,27.928900777470574,44.98908905291302
Andhra Pradesh,small millets,60.670768235376904,27.928900777470574,44.98908905291302
Andhra Pradesh,soyabean,60.6707682353769,27.928900777470574,44.98908905291302
Andhra Pradesh,sugarcane,60.670768235376904,27.928900777470574,44.98908905291302
Andhra Pradesh,sunflower,60.6707682353769,27.928900777470574,44.98908905291302
Andhra Pradesh,sweet potato,60.6707682353769,27.928900777470574,44.98908905291302
Andhra Pradesh,tapioca,60.6707682353769,27.928900777470574,44.98908905291302
Andhra Pradesh,tobacco,60.670768235376904,27.928900777470574,44.98908905291302
Andhra Pradesh,urad,60.670768235376904,27.928900777470574,44.98908905291302
Andhra Pradesh,wheat,60.6707682353769,27.928900777470574,44.98908905291302
Arunachal Pradesh,arhar/tur,60.6707682353769,27.928900777470574,44.98908905291302
Arunachal Pradesh,dry chillies,60.670768235376904,27.928900777470574,44.98908905291302
Arunachal Pradesh,ginger,60.670768235376904,27.928900777470574,44.98908905291302
Arunachal Pradesh,groundnut,60.6707682353769,27.928900777470574,44.98908905291302
Arunachal Pradesh,maize,73.23160060828877,32.547378048128344,46.108785568181816
Arunachal Pradesh,masoor,60.6707682353769,27.928900777470574,44.98908905291302
Arunachal Pradesh,moong(green gram),60.6707682353769,27.928900777470574,44.98908905291302
Arunachal Pradesh,oilseeds total,60.6707682353769,27.928900777470574,44.98908905291302
Arunachal Pradesh,other  rabi pulses,60.6707682353769,27.928900777470574,44.98908905291302
Arunachal Pradesh,other kharif pulses,60.6707682353769,27.928900777470574,44.98908905291302
Arunachal Pradesh,other oilseeds,60.6707682353769,27.928900777470574,44.98908905291302
Arunachal Pradesh,peas & beans (pulses),60.6707682353769,27.928900777470574,44.98908905291302
Arunachal Pradesh,potato,60.670768235376904,27.928900777470574,44.98908905291302
Arunachal Pradesh,rapeseed &mustard,60.6707682353769,27.928900777470574,44.98908905291302
Arunachal Pradesh,rice,50.047892857142855,24.022988571428574,44.04214571428571
Arunachal Pradesh,sesamum,60.6707682353769,27.928900777470574,44.98908905291302
Arunachal Pradesh,small millets,60.670768235376904,27.928900777470574,44.98908905291302
Arunachal Pradesh,soyabean,60.6707682353769,27.928900777470574,44.98908905291302
Arunachal Pradesh,sugarcane,60.670768235376904,27.928900777470574,44.98908905291302
Arunachal Pradesh,sunflower,60.6707682353769,27.928900777470574,44.98908905291302
Arunachal Pradesh,turmeric,60.670768235376904,27.928900777470574,44.98908905291302
Arunachal Pradesh,urad,60.6707682353769,27.928900777470574,44.98908905291302
Arunachal Pradesh,wheat,60.670768235376904,27.928900777470574,44.98908905291302
Assam,arecanut,60.670768235376904,27.928900777470574,44.98908905291302
Assam,arhar/tur,60.670768235376904,27.928900777470574,44.98908905291302
Assam,banana,60.670768235376904,27.928900777470574,44.98908905291302
Assam,black pepper,60.670768235376904,27.928900777470574,44.98908905291302
Assam,castor seed,60.670768235376904,27.928900777470574,44.98908905291302
Assam,coconut,60.670768235376904,27.928900777470574,44.98908905291302
Assam,cotton(lint),60.670768235376904,27.928900777470574,44.98908905291302
Assam,dry chillies,60.670768235376904,27.928900777470574,44.98908905291302
Assam,ginger,60.670768235376904,27.928900777470574,44.98908905291302
Assam,gram,60.670768235376904,27.928900777470574,44.98908905291302
Assam,jute,60.670768235376904,27.928900777470574,44.98908905291302
Assam,linseed,60.670768235376904,27.928900777470574,44.98908905291302
Assam,maize,73.23160060828877,32.547378048128344,46.108785568181816
Assam,masoor,60.670768235376904,27.928900777470574,44.98908905291302
Assam,mesta,60.670768235376904,27.928900777470574,44.98908905291302
Assam,moong(green gram),60.670768235376904,27.928900777470574,44.98908905291302
Assam,niger seed,60.670768235376904,27.928900777470574,44.98908905291302
Assam,onion,60.670768235376904,27.928900777470574,44.98908905291302
Assam,other  rabi pulses,60.6707682353769,27.928900777470574,44.98908905291302
Assam,peas & beans (pulses),60.670768235376904,27.928900777470574,44.98908905291302
Assam,potato,60.670768235376904,27.928900777470574,44.98908905291302
Assam,rapeseed &mustard,60.670768235376904,27.928900777470574,44.98908905291302
Assam,rice,50.047892857142855,24.022988571428574,44.04214571428571
Assam,sesamum,60.670768235376904,27.928900777470574,44.98908905291302
Assam,small millets,60.670768235376904,27.928900777470574,44.98908905291302
Assam,sugarcane,60.670768235376904,27.928900777470574,44.98908905291302
Assam,sweet potato,60.670768235376904,27.928900777470574,44.98908905291302
Assam,tapioca,60.670768235376904,27.928900777470574,44.98908905291302
Assam,tobacco,60.670768235376904,27.928900777470574,44.98908905291302
Assam,turmeric,60.670768235376904,27.928900777470574,44.98908905291302
Assam,urad,60.670768235376904,27.928900777470574,44.98908905291302
Assam,wheat,60.670768235376904,27.928900777470574,44.98908905291302
Bihar,arhar/tur,60.670768235376904,27.928900777470574,44.98908905291302
Bihar,bajra,60.670768235376904,27.928900777470574,44.98908905291302
Bihar,barley,60.670768235376904,27.928900777470574,44.98908905291302
Bihar,castor seed,60.670768235376904,27.928900777470574,44.98908905291302
Bihar,coriander,60.6707682353769,27.928900777470574,44.98908905291302
Bihar,garlic,60.6707682353769,27.928900777470574,44.98908905291302
Bihar,ginger,60.6707682353769,27.928900777470574,44.98908905291302
Bihar,gram,60.670768235376904,27.928900777470574,44.98908905291302
Bihar,groundnut,60.670768235376904,27.928900777470574,44.98908905291302
Bihar,horse-gram,60.670768235376904,27.928900777470574,44.98908905291302
Bihar,jowar,60.670768235376904,27.928900777470574,44.98908905291302
Bihar,jute,60.670768235376904,27.928900777470574,44.98908905291302
Bihar,khesari,60.670768235376904,27.928900777470574,44.98908905291302
Bihar,linseed,60.670768235376904,27.928900777470574,44.98908905291302
Bihar,maize,73.23160060828877,32.547378048128344,46.10878556818182
Bihar,masoor,60.670768235376904,27.928900777470574,44.98908905291302
Bihar,mesta,60.670768235376904,27.928900777470574,44.98908905291302
Bihar,moong(green gram),60.670768235376904,27.928900777470574,44.98908905291302
Bihar,onion,60.6707682353769,27.928900777470574,44.98908905291302
Bihar,other  rabi pulses,60.670768235376904,27.928900777470574,44.98908905291302
Bihar,other kharif pulses,60.670768235376904,27.928900777470574,44.98908905291302
Bihar,peas & beans (pulses),60.670768235376904,27.928900777470574,44.98908905291302
Bihar,potato,60.6707682353769,27.928900777470574,44.98908905291302
Bihar,ragi,60.670768235376904,27.928900777470574,44.98908905291302
Bihar,rapeseed &mustard,60.670768235376904,27.928900777470574,44.98908905291302
Bihar,rice,50.047892857142855,24.022988571428574,44.04214571428571
Bihar,safflower,60.670768235376904,27.928900777470574,44.98908905291302
Bihar,sannhamp,60.6707682353769,27.928900777470574,44.98908905291302
Bihar,sesamum,60.670768235376904,27.928900777470574,44.98908905291302
Bihar,small millets,60.670768235376904,27.928900777470574,44.98908905291302
Bihar,soyabean,60.6707682353769,27.928900777470574,44.98908905291302
Bihar,sugarcane,60.6707682353769,27.928900777470574,44.98908905291302
Bihar,sunflower,60.670768235376904,27.928900777470574,44.98908905291302
Bihar,tobacco,60.670768235376904,27.928900777470574,44.98908905291302
Bihar,turmeric,60.6707682353769,27.928900777470574,44.98908905291302
Bihar,urad,60.670768235376904,27.928900777470574,44.98908905291302
Bihar,wheat,60.670768235376904,27.928900777470574,44.98908905291302
Chhattisgarh,arhar/tur,60.670768235376904,27.928900777470574,44.98908905291302
Chhattisgarh,bajra,60.6707682353769,27.928900777470574,44.98908905291302
Chhattisgarh,barley,60.670768235376904,27.928900777470574,44.98908905291302
Chhattisgarh,castor seed,60.670768235376904,27.928900777470574,44.98908905291302
Chhattisgarh,coconut,60.6707682353769,27.928900777470574,44.98908905291302
Chhattisgarh,coriander,60.6707682353769,27.928900777470574,44.98908905291302
Chhattisgarh,cotton(lint),60.670768235376904,27.928900777470574,44.98908905291302
Chhattisgarh,dry chillies,60.670768235376904,27.928900777470574,44.98908905291302
Chhattisgarh,garlic,60.6707682353769,27.928900777470574,44.98908905291302
Chhattisgarh,ginger,60.670768235376904,27.928900777470574,44.98908905291302
Chhattisgarh,gram,60.670768235376904,27.928900777470574,44.98908905291302
Chhattisgarh,groundnut,60.670768235376904,27.928900777470574,44.98908905291302
Chhattisgarh,guar seed,60.6707682353769,27.928900777470574,44.98908905291302
Chhattisgarh,horse-gram,60.670768235376904,27.928900777470574,44.98908905291302
Chhattisgarh,jowar,60.670768235376904,27.928900777470574,44.98908905291302
Chhattisgarh,jute,60.670768235376904,27.928900777470574,44.98908905291302
Chhattisgarh,khesari,60.670768235376904,27.928900777470574,44.98908905291302
Chhattisgarh,linseed,60.6707682353769,27.928900777470574,44.98908905291302
Chhattisgarh,maize,73.23160060828877,32.547378048128344,46.108785568181816
Chhattisgarh,masoor,60.670768235376904,27.928900777470574,44.98908905291302
Chhattisgarh,mesta,60.670768235376904,27.928900777470574,44.98908905291302
Chhattisgarh,moong(green gram),60.6707682353769,27.928900777470574,44.98908905291302
Chhattisgarh,niger seed,60.670768235376904,27.928900777470574,44.98908905291302
Chhattisgarh,onion,60.67076823537689,27.928900777470574,44.98908905291302
Chhattisgarh,other  rabi pulses,60.670768235376904,27.928900777470574,44.98908905291302
Chhattisgarh,other kharif pulses,60.670768235376904,27.928900777470574,44.98908905291302
Chhattisgarh,peas & beans (pulses),60.670768235376904,27.928900777470574,44.98908905291302
Chhattisgarh,potato,60.670768235376904,27.928900777470574,44.98908905291302
Chhattisgarh,ragi,60.670768235376904,27.928900777470574,44.98908905291302
Chhattisgarh,rapeseed &mustard,60.670768235376904,27.928900777470574,44.98908905291302
Chhattisgarh,rice,50.047892857142855,24.022988571428574,44.04214571428571
Chhattisgarh,safflower,60.670768235376904,27.928900777470574,44.98908905291302
Chhattisgarh,sannhamp,60.670768235376904,27.928900777470574,44.98908905291302
Chhattisgarh,sesamum,60.670768235376904,27.928900777470574,44.98908905291302
Chhattisgarh,small millets,60.670768235376904,27.928900777470574,44.98908905291302
Chhattisgarh,soyabean,60.670768235376904,27.928900777470574,44.98908905291302
Chhattisgarh,sugarcane,60.6707682353769,27.928900777470574,44.98908905291302
Chhattisgarh,sunflower,60.6707682353769,27.928900777470574,44.98908905291302
Chhattisgarh,sweet potato,60.670768235376904,27.928900777470574,44.98908905291302
Chhattisgarh,tobacco,60.6707682353769,27.928900777470574,44.98908905291302
Chhattisgarh,turmeric,60.670768235376904,27.928900777470574,44.98908905291302
Chhattisgarh,urad,60.670768235376904,27.928900777470574,44.98908905291302
Chhattisgarh,wheat,60.670768235376904,27.928900777470574,44.98908905291302
Delhi,bajra,60.670768235376904,27.928900777470574,44.98908905291302
Delhi,barley,60.670768235376904,27.928900777470574,44.98908905291302
Delhi,gram,60.670768235376904,27.928900777470574,44.98908905291302
Delhi,jowar,60.670768235376904,27.928900777470574,44.98908905291302
Delhi,maize,73.23160060828877,32.547378048128344,46.108785568181816
Delhi,potato,60.6707682353769,27.928900777470574,44.98908905291302
Delhi,rapeseed &mustard,60.6707682353769,27.928900777470574,44.98908905291302
Delhi,rice,50.047892857142855,24.022988571428574,44.04214571428571
Delhi,sugarcane,60.6707682353769,27.928900777470574,44.98908905291302
Delhi,wheat,60.670768235376904,27.928900777470574,44.98908905291302
Goa,arecanut,60.6707682353769,27.928900777470574,44.98908905291302
Goa,banana,60.6707682353769,27.928900777470574,44.98908905291302
Goa,black pepper,60.6707682353769,27.928900777470574,44.98908905291302
Goa,cashewnut,60.6707682353769,27.928900777470574,44.98908905291302
Goa,coconut,60.6707682353769,27.928900777470574,44.98908905291302
Goa,groundnut,60.670768235376904,27.928900777470574,44.98908905291302
Goa,other  rabi pulses,60.670768235376904,27.928900777470574,44.98908905291302
Goa,other kharif pulses,60.670768235376904,27.928900777470574,44.98908905291302
Goa,other oilseeds,60.6707682353769,27.928900777470574,44.98908905291302
Goa,ragi,60.6707682353769,27.928900777470574,44.98908905291302
Goa,rice,50.047892857142855,24.022988571428574,44.04214571428571
Goa,sugarcane,60.670768235376904,27.928900777470574,44.98908905291302
Goa,sweet potato,60.6707682353769,27.928900777470574,44.98908905291302
Gujarat,arhar/tur,60.670768235376904,27.928900777470574,44.98908905291302
Gujarat,bajra,60.670768235376904,27.928900777470574,44.98908905291302
Gujarat,banana,60.670768235376904,27.928900777470574,44.98908905291302
Gujarat,castor seed,60.670768235376904,27.928900777470574,44.98908905291302
Gujarat,cotton(lint),60.670768235376904,27.928900777470574,44.98908905291302
Gujarat,dry chillies,60.670768235376904,27.928900777470574,44.98908905291302
Gujarat,garlic,60.670768235376904,27.928900777470574,44.98908905291302
Gujarat,gram,60.670768235376904,27.928900777470574,44.98908905291302
Gujarat,groundnut,60.670768235376904,27.928900777470574,44.98908905291302
Gujarat,guar seed,60.670768235376904,27.928900777470574,44.98908905291302
Gujarat,jowar,60.670768235376904,27.928900777470574,44.98908905291302
Gujarat,maize,73.23160060828877,32.547378048128344,46.10878556818182
Gujarat,moong(green gram),60.670768235376904,27.928900777470574,44.98908905291302
Gujarat,moth,60.670768235376904,27.928900777470574,44.98908905291302
Gujarat,onion,60.670768235376904,27.928900777470574,44.98908905291302
Gujarat,other  rabi pulses,60.670768235376904,27.928900777470574,44.98908905291302
Gujarat,other cereals,60.670768235376904,27.928900777470574,44.98908905291302
Gujarat,other kharif pulses,60.670768235376904,27.928900777470574,44.98908905291302
Gujarat,other oilseeds,60.6707682353769,27.928900777470574,44.98908905291302
Gujarat,potato,60.670768235376904,27.928900777470574,44.98908905291302
Gujarat,ragi,60.670768235376904,27.928900777470574,44.98908905291302
Gujarat,rapeseed &mustard,60.670768235376904,27.928900777470574,44.98908905291302
Gujarat,rice,50.047892857142855,24.022988571428574,44.04214571428571
Gujarat,sesamum,60.670768235376904,27.928900777470574,44.98908905291302
Gujarat,small millets,60.6707682353769,27.928900777470574,44.98908905291302
Gujarat,soyabean,60.670768235376904,27.928900777470574,44.98908905291302
Gujarat,sugarcane,60.670768235376904,27.928900777470574,44.98908905291302
Gujarat,tobacco,60.670768235376904,27.928900777470574,44.98908905291302
Gujarat,urad,60.670768235376904,27.928900777470574,44.98908905291302
Gujarat,wheat,60.670768235376904,27.928900777470574,44.98908905291302
Haryana,arhar/tur,60.670768235376904,27.928900777470574,44.98908905291302
Haryana,bajra,60.670768235376904,27.928900777470574,44.98908905291302
Haryana,barley,60.670768235376904,27.928900777470574,44.98908905291302
Haryana,castor seed,60.670768235376904,27.928900777470574,44.98908905291302
Haryana,coriander,60.670768235376904,27.928900777470574,44.98908905291302
Haryana,cotton(lint),60.670768235376904,27.928900777470574,44.98908905291302
Haryana,dry chillies,60.6707682353769,27.928900777470574,44.98908905291302
Haryana,garlic,60.670768235376904,27.928900777470574,44.98908905291302
Haryana,ginger,60.670768235376904,27.928900777470574,44.98908905291302
Haryana,gram,60.670768235376904,27.928900777470574,44.98908905291302
Haryana,groundnut,60.670768235376904,27.928900777470574,44.98908905291302
Haryana,guar seed,60.6707682353769,27.928900777470574,44.98908905291302
Haryana,horse-gram,60.670768235376904,27.928900777470574,44.98908905291302
Haryana,jowar,60.670768235376904,27.928900777470574,44.98908905291302
Haryana,jute,60.6707682353769,27.928900777470574,44.98908905291302
Haryana,maize,73.23160060828877,32.547378048128344,46.108785568181816
Haryana,masoor,60.670768235376904,27.928900777470574,44.98908905291302
Haryana,moong(green gram),60.670768235376904,27.928900777470574,44.98908905291302
Haryana,moth,60.670768235376904,27.928900777470574,44.98908905291302
Haryana,onion,60.670768235376904,27.928900777470574,44.98908905291302
Haryana,other kharif pulses,60.6707682353769,27.928900777470574,44.98908905291302
Haryana,other oilseeds,60.6707682353769,27.928900777470574,44.98908905291302
Haryana,peas & beans (pulses),60.6707682353769,27.928900777470574,44.98908905291302
Haryana,potato,60.670768235376904,27.928900777470574,44.98908905291302
Haryana,rapeseed &mustard,60.670768235376904,27.928900777470574,44.98908905291302
Haryana,rice,50.047892857142855,24.022988571428574,44.04214571428571
Haryana,sannhamp,60.6707682353769,27.928900777470574,44.98908905291302
Haryana,sesamum,60.670768235376904,27.928900777470574,44.98908905291302
Haryana,soyabean,60.6707682353769,27.928900777470574,44.98908905291302
Haryana,sugarcane,60.670768235376904,27.928900777470574,44.98908905291302
Haryana,sunflower,60.670768235376904,27.928900777470574,44.98908905291302
Haryana,sweet potato,60.6707682353769,27.928900777470574,44.98908905291302
Haryana,tobacco,60.6707682353769,27.928900777470574,44.98908905291302
Haryana,turmeric,60.670768235376904,27.928900777470574,44.98908905291302
Haryana,urad,60.670768235376904,27.928900777470574,44.98908905291302
Haryana,wheat,60.670768235376904,27.928900777470574,44.98908905291302
Himachal Pradesh,arhar/tur,60.670768235376904,27.928900777470574,44.98908905291302
Himachal Pradesh,bajra,60.670768235376904,27.928900777470574,44.98908905291302
Himachal Pradesh,barley,60.670768235376904,27.928900777470574,44.98908905291302
Himachal Pradesh,coriander,60.670768235376904,27.928900777470574,44.98908905291302
Himachal Pradesh,cotton(lint),60.6707682353769,27.928900777470574,44.98908905291302
Himachal Pradesh,dry chillies,60.6707682353769,27.928900777470574,44.98908905291302
Himachal Pradesh,garlic,60.670768235376904,27.928900777470574,44.98908905291302
Himachal Pradesh,ginger,60.6707682353769,27.928900777470574,44.98908905291302
Himachal Pradesh,gram,60.670768235376904,27.928900777470574,44.98908905291302
Himachal Pradesh,groundnut,60.670768235376904,27.928900777470574,44.98908905291302
Himachal Pradesh,horse-gram,60.670768235376904,27.928900777470574,44.98908905291302
Himachal Pradesh,linseed,60.670768235376904,27.928900777470574,44.98908905291302
Himachal Pradesh,maize,73.23160060828877,32.547378048128344,46.108785568181816
Himachal Pradesh,masoor,60.670768235376904,27.928900777470574,44.98908905291302
Himachal Pradesh,moong(green gram),60.670768235376904,27.928900777470574,44.98908905291302
Himachal Pradesh,moth,60.670768235376904,27.928900777470574,44.98908905291302
Himachal Pradesh,onion,60.6707682353769,27.928900777470574,44.98908905291302
Himachal Pradesh,other  rabi pulses,60.6707682353769,27.928900777470574,44.98908905291302
Himachal Pradesh,other kharif pulses,60.670768235376904,27.928900777470574,44.98908905291302
Himachal Pradesh,peas & beans (pulses),60.67076823537689,27.928900777470574,44.98908905291302
Himachal Pradesh,potato,60.670768235376904,27.928900777470574,44.98908905291302
Himachal Pradesh,ragi,60.670768235376904,27.928900777470574,44.98908905291302
Himachal Pradesh,rapeseed &mustard,60.670768235376904,27.928900777470574,44.98908905291302
Himachal Pradesh,rice,50.047892857142855,24.022988571428574,44.04214571428571
Himachal Pradesh,sannhamp,60.6707682353769,27.928900777470574,44.98908905291302
Himachal Pradesh,sesamum,60.670768235376904,27.928900777470574,44.98908905291302
Himachal Pradesh,small millets,60.670768235376904,27.928900777470574,44.98908905291302
Himachal Pradesh,soyabean,60.670768235376904,27.928900777470574,44.98908905291302
Himachal Pradesh,sugarcane,60.670768235376904,27.928900777470574,44.98908905291302
Himachal Pradesh,tobacco,60.6707682353769,27.928900777470574,44.98908905291302
Himachal Pradesh,turmeric,60.670768235376904,27.928900777470574,44.98908905291302
Himachal Pradesh,urad,60.670768235376904,27.928900777470574,44.98908905291302
Himachal Pradesh,wheat,60.670768235376904,27.928900777470574,44.98908905291302
Jammu and Kashmir,bajra,60.670768235376904,27.928900777470574,44.98908905291302
Jammu and Kashmir,barley,60.6707682353769,27.928900777470574,44.98908905291302
Jammu and Kashmir,cotton(lint),60.6707682353769,27.928900777470574,44.98908905291302
Jammu and Kashmir,cowpea(lobia),60.6707682353769,27.928900777470574,44.98908905291302
Jammu and Kashmir,dry chillies,60.6707682353769,27.928900777470574,44.98908905291302
Jammu and Kashmir,garlic,60.6707682353769,27.928900777470574,44.98908905291302
Jammu and Kashmir,ginger,60.67076823537689,27.928900777470574,44.98908905291302
Jammu and Kashmir,gram,60.6707682353769,27.928900777470574,44.98908905291302
Jammu and Kashmir,groundnut,60.6707682353769,27.928900777470574,44.98908905291302
Jammu and Kashmir,horse-gram,60.6707682353769,27.928900777470574,44.98908905291302
Jammu and Kashmir,jowar,60.6707682353769,27.928900777470574,44.98908905291302
Jammu and Kashmir,linseed,60.670768235376904,27.928900777470574,44.98908905291302
Jammu and Kashmir,maize,73.23160060828877,32.547378048128344,46.108785568181816
Jammu and Kashmir,masoor,60.670768235376904,27.928900777470574,44.98908905291302
Jammu and Kashmir,moong(green gram),60.67076823537689,27.928900777470574,44.98908905291302
Jammu and Kashmir,moth,60.6707682353769,27.928900777470574,44.98908905291302
Jammu and Kashmir,onion,60.6707682353769,27.928900777470574,44.98908905291302
Jammu and Kashmir,other  rabi pulses,60.6707682353769,27.928900777470574,44.98908905291302
Jammu and Kashmir,other cereals,60.67076823537689,27.928900777470574,44.98908905291302
Jammu and Kashmir,other kharif pulses,60.6707682353769,27.928900777470574,44.98908905291302
Jammu and Kashmir,other oilseeds,60.670768235376904,27.928900777470574,44.98908905291302
Jammu and Kashmir,peas & beans (pulses),60.6707682353769,27.928900777470574,44.98908905291302
Jammu and Kashmir,potato,60.6707682353769,27.928900777470574,44.98908905291302
Jammu and Kashmir,ragi,60.6707682353769,27.928900777470574,44.98908905291302
Jammu and Kashmir,rapeseed &mustard,60.6707682353769,27.928900777470574,44.98908905291302
Jammu and Kashmir,rice,50.047892857142855,24.022988571428574,44.04214571428571
Jammu and Kashmir,sannhamp,60.6707682353769,27.928900777470574,44.98908905291302
Jammu and Kashmir,sesamum,60.6707682353769,27.928900777470574,44.98908905291302
Jammu and Kashmir,small millets,60.6707682353769,27.928900777470574,44.98908905291302
Jammu and Kashmir,sugarcane,60.6707682353769,27.928900777470574,44.98908905291302
Jammu and Kashmir,tobacco,60.6707682353769,27.928900777470574,44.98908905291302
Jammu and Kashmir,turmeric,60.6707682353769,27.928900777470574,44.98908905291302
Jammu and Kashmir,urad,60.67076823537689,27.928900777470574,44.98908905291302
Jammu and Kashmir,wheat,60.6707682353769,27.928900777470574,44.98908905291302
Jharkhand,arhar/tur,60.670768235376904,27.928900777470574,44.98908905291302
Jharkhand,bajra,60.6707682353769,27.928900777470574,44.98908905291302
Jharkhand,castor seed,60.6707682353769,27.928900777470574,44.98908905291302
Jharkhand,gram,60.670768235376904,27.928900777470574,44.98908905291302
Jharkhand,groundnut,60.6707682353769,27.928900777470574,44.98908905291302
Jharkhand,horse-gram,60.6707682353769,27.928900777470574,44.98908905291302
Jharkhand,jowar,60.6707682353769,27.928900777470574,44.98908905291302
Jharkhand,linseed,60.6707682353769,27.928900777470574,44.98908905291302
Jharkhand,maize,73.23160060828877,32.547378048128344,46.108785568181816
Jharkhand,masoor,60.6707682353769,27.928900777470574,44.98908905291302
Jharkhand,moong(green gram),60.6707682353769,27.928900777470574,44.98908905291302
Jharkhand,niger seed,60.6707682353769,27.928900777470574,44.98908905291302
Jharkhand,onion,60.6707682353769,27.928900777470574,44.98908905291302
Jharkhand,other  rabi pulses,60.6707682353769,27.928900777470574,44.98908905291302
Jharkhand,other kharif pulses,60.6707682353769,27.928900777470574,44.98908905291302
Jharkhand,peas & beans (pulses),60.6707682353769,27.928900777470574,44.98908905291302
Jharkhand,potato,60.6707682353769,27.928900777470574,44.98908905291302
Jharkhand,ragi,60.670768235376904,27.928900777470574,44.98908905291302
Jharkhand,rapeseed &mustard,60.670768235376904,27.928900777470574,44.98908905291302
Jharkhand,rice,50.047892857142855,24.022988571428574,44.04214571428572
Jharkhand,safflower,60.6707682353769,27.928900777470574,44.98908905291302
Jharkhand,sesamum,60.6707682353769,27.928900777470574,44.98908905291302
Jharkhand,soyabean,60.6707682353769,27.928900777470574,44.98908905291302
Jharkhand,sugarcane,60.6707682353769,27.928900777470574,44.98908905291302
Jharkhand,sunflower,60.6707682353769,27.928900777470574,44.98908905291302
Jharkhand,urad,60.6707682353769,27.928900777470574,44.98908905291302
Jharkhand,wheat,60.6707682353769,27.928900777470574,44.98908905291302
Karnataka,arecanut,60.670768235376904,27.928900777470574,44.98908905291302
Karnataka,arhar/tur,60.670768235376904,27.928900777470574,44.98908905291302
Karnataka,bajra,60.6707682353769,27.928900777470574,44.98908905291302
Karnataka,banana,60.6707682353769,27.928900777470574,44.98908905291302
Karnataka,black pepper,60.670768235376904,27.928900777470574,44.98908905291302
Karnataka,cardamom,60.670768235376904,27.928900777470574,44.98908905291302
Karnataka,cashewnut,60.670768235376904,27.928900777470574,44.98908905291302
Karnataka,castor seed,60.670768235376904,27.928900777470574,44.98908905291302
Karnataka,coconut,60.670768235376904,27.928900777470574,44.98908905291302
Karnataka,coriander,60.670768235376904,27.928900777470574,44.98908905291302
Karnataka,cotton(lint),60.67076823537689,27.928900777470574,44.98908905291302
Karnataka,cowpea(lobia),60.670768235376904,27.928900777470574,44.98908905291302
Karnataka,dry chillies,60.6707682353769,27.928900777470577,44.989089052913016
Karnataka,garlic,60.670768235376904,27.928900777470574,44.98908905291302
Karnataka,ginger,60.670768235376904,27.928900777470574,44.98908905291302
Karnataka,gram,60.670768235376904,27.928900777470574,44.98908905291302
Karnataka,groundnut,60.670768235376904,27.928900777470574,44.98908905291302
Karnataka,horse-gram,60.670768235376904,27.928900777470574,44.98908905291302
Karnataka,jowar,60.6707682353769,27.928900777470577,44.98908905291302
Karnataka,linseed,60.670768235376904,27.928900777470574,44.98908905291302
Karnataka,maize,73.23160060828877,32.547378048128344,46.10878556818182
Karnataka,mesta,60.670768235376904,27.928900777470574,44.98908905291302
Karnataka,moong(green gram),60.6707682353769,27.928900777470577,44.989089052913016
Karnataka,niger seed,60.670768235376904,27.928900777470574,44.98908905291302
Karnataka,onion,60.6707682353769,27.928900777470577,44.98908905291302
Karnataka,other  rabi pulses,60.670768235376904,27.928900777470574,44.98908905291302
Karnataka,other kharif pulses,60.670768235376904,27.928900777470574,44.98908905291302
Karnataka,peas & beans (pulses),60.6707682353769,27.928900777470574,44.98908905291302
Karnataka,potato,60.6707682353769,27.928900777470577,44.98908905291302
Karnataka,ragi,60.6707682353769,27.928900777470577,44.98908905291302
Karnataka,rapeseed &mustard,60.670768235376904,27.928900777470574,44.98908905291302
Karnataka,rice,50.047892857142855,24.022988571428574,44.04214571428571
Karnataka,safflower,60.670768235376904,27.928900777470574,44.98908905291302
Karnataka,sannhamp,60.670768235376904,27.928900777470574,44.98908905291302
Karnataka,sesamum,60.670768235376904,27.928900777470574,44.98908905291302
Karnataka,small millets,60.670768235376904,27.928900777470574,44.98908905291302
Karnataka,soyabean,60.670768235376904,27.928900777470574,44.98908905291302
Karnataka,sugarcane,60.670768235376904,27.928900777470574,44.98908905291302
Karnataka,sunflower,60.6707682353769,27.928900777470577,44.98908905291302
Karnataka,sweet potato,60.670768235376904,27.928900777470574,44.98908905291302
Karnataka,tapioca,60.670768235376904,27.928900777470574,44.98908905291302
Karnataka,tobacco,60.6707682353769,27.928900777470574,44.98908905291302
Karnataka,turmeric,60.670768235376904,27.928900777470574,44.98908905291302
Karnataka,urad,60.6707682353769,27.928900777470577,44.989089052913016
Karnataka,wheat,60.670768235376904,27.928900777470574,44.98908905291302
Kerala,arecanut,60.670768235376904,27.928900777470574,44.98908905291302
Kerala,arhar/tur,60.6707682353769,27.928900777470574,44.98908905291302
Kerala,banana,60.670768235376904,27.928900777470574,44.98908905291302
Kerala,black pepper,60.670768235376904,27.928900777470574,44.98908905291302
Kerala,cardamom,60.670768235376904,27.928900777470574,44.98908905291302
Kerala,cashewnut,60.670768235376904,27.928900777470574,44.98908905291302
Kerala,coconut,60.670768235376904,27.928900777470574,44.98908905291302
Kerala,cotton(lint),60.6707682353769,27.928900777470574,44.98908905291302
Kerala,cowpea(lobia),60.6707682353769,27.928900777470574,44.98908905291302
Kerala,garlic,60.6707682353769,27.928900777470574,44.98908905291302
Kerala,ginger,60.670768235376904,27.928900777470574,44.98908905291302
Kerala,gram,60.6707682353769,27.928900777470574,44.98908905291302
Kerala,groundnut,60.6707682353769,27.928900777470574,44.98908905291302
Kerala,horse-gram,60.6707682353769,27.928900777470574,44.98908905291302
Kerala,jowar,60.6707682353769,27.928900777470574,44.98908905291302
Kerala,maize,73.23160060828877,32.547378048128344,46.108785568181816
Kerala,moong(green gram),60.6707682353769,27.928900777470574,44.98908905291302
Kerala,onion,60.6707682353769,27.928900777470574,44.98908905291302
Kerala,other  rabi pulses,60.6707682353769,27.928900777470574,44.98908905291302
Kerala,other kharif pulses,60.6707682353769,27.928900777470574,44.98908905291302
Kerala,potato,60.670768235376904,27.928900777470574,44.98908905291302
Kerala,ragi,60.6707682353769,27.928900777470574,44.98908905291302
Kerala,rice,50.047892857142855,24.022988571428574,44.04214571428571
Kerala,sesamum,60.6707682353769,27.928900777470574,44.98908905291302
Kerala,small millets,60.670768235376904,27.928900777470574,44.98908905291302
Kerala,soyabean,60.6707682353769,27.928900777470574,44.98908905291302
Kerala,sugarcane,60.670768235376904,27.928900777470574,44.98908905291302
Kerala,sunflower,60.6707682353769,27.928900777470574,44.98908905291302
Kerala,sweet potato,60.6707682353769,27.928900777470574,44.98908905291302
Kerala,tapioca,60.670768235376904,27.928900777470574,44.98908905291302
Kerala,tobacco,60.670768235376904,27.928900777470574,44.98908905291302
Kerala,turmeric,60.670768235376904,27.928900777470574,44.98908905291302
Kerala,urad,60.6707682353769,27.928900777470574,44.98908905291302
Kerala,wheat,60.6707682353769,27.928900777470574,44.98908905291302
Madhya Pradesh,arhar/tur,60.670768235376904,27.928900777470574,44.98908905291302
Madhya Pradesh,bajra,60.670768235376904,27.928900777470574,44.98908905291302
Madhya Pradesh,banana,60.6707682353769,27.928900777470574,44.98908905291302
Madhya Pradesh,barley,60.670768235376904,27.928900777470574,44.98908905291302
Madhya Pradesh,castor seed,60.6707682353769,27.928900777470574,44.98908905291302
Madhya Pradesh,coriander,60.6707682353769,27.928900777470574,44.98908905291302
Madhya Pradesh,cotton(lint),60.670768235376904,27.928900777470574,44.98908905291302
Madhya Pradesh,dry chillies,60.6707682353769,27.928900777470574,44.98908905291302
Madhya Pradesh,garlic,60.6707682353769,27.928900777470574,44.98908905291302
Madhya Pradesh,ginger,60.6707682353769,27.928900777470574,44.98908905291302
Madhya Pradesh,gram,60.670768235376904,27.928900777470574,44.98908905291302
Madhya Pradesh,groundnut,60.67076823537689,27.928900777470574,44.98908905291302
Madhya Pradesh,horse-gram,60.67076823537689,27.928900777470574,44.98908905291302
Madhya Pradesh,jowar,60.6707682353769,27.928900777470574,44.98908905291302
Madhya Pradesh,jute,60.6707682353769,27.928900777470574,44.98908905291302
Madhya Pradesh,khesari,60.6707682353769,27.928900777470574,44.98908905291302
Madhya Pradesh,linseed,60.670768235376904,27.928900777470574,44.98908905291302
Madhya Pradesh,maize,73.23160060828877,32.547378048128344,46.108785568181816
Madhya Pradesh,masoor,60.670768235376904,27.928900777470574,44.98908905291302
Madhya Pradesh,mesta,60.6707682353769,27.928900777470574,44.98908905291302
Madhya Pradesh,moong(green gram),60.67076823537689,27.928900777470574,44.98908905291302
Madhya Pradesh,niger seed,60.670768235376904,27.928900777470574,44.98908905291302
Madhya Pradesh,onion,60.6707682353769,27.928900777470574,44.98908905291302
Madhya Pradesh,other  rabi pulses,60.6707682353769,27.928900777470574,44.98908905291302
Madhya Pradesh,other cereals,60.6707682353769,27.928900777470574,44.98908905291302
Madhya Pradesh,other kharif pulses,60.6707682353769,27.928900777470574,44.98908905291302
Madhya Pradesh,peas & beans (pulses),60.670768235376904,27.928900777470574,44.98908905291302
Madhya Pradesh,potato,60.6707682353769,27.928900777470574,44.98908905291302
Madhya Pradesh,ragi,60.6707682353769,27.928900777470574,44.98908905291302
Madhya Pradesh,rapeseed &mustard,60.670768235376904,27.928900777470574,44.98908905291302
Madhya Pradesh,rice,50.04789285714286,24.022988571428574,44.04214571428571
Madhya Pradesh,safflower,60.670768235376904,27.928900777470574,44.98908905291302
Madhya Pradesh,sannhamp,60.6707682353769,27.928900777470574,44.98908905291302
Madhya Pradesh,sesamum,60.670768235376904,27.928900777470574,44.98908905291302
Madhya Pradesh,small millets,60.670768235376904,27.928900777470574,44.98908905291302
Madhya Pradesh,soyabean,60.670768235376904,27.928900777470574,44.98908905291302
Madhya Pradesh,sugarcane,60.670768235376904,27.928900777470574,44.98908905291302
Madhya Pradesh,sunflower,60.6707682353769,27.928900777470574,44.98908905291302
Madhya Pradesh,sweet potato,60.6707682353769,27.928900777470574,44.98908905291302
Madhya Pradesh,tobacco,60.6707682353769,27.928900777470574,44.98908905291302
Madhya Pradesh,turmeric,60.6707682353769,27.928900777470574,44.98908905291302
Madhya Pradesh,urad,60.67076823537689,27.928900777470574,44.98908905291302
Madhya Pradesh,wheat,60.670768235376904,27.928900777470574,44.98908905291302
Maharashtra,arhar/tur,60.670768235376904,27.928900777470574,44.98908905291302
Maharashtra,bajra,60.670768235376904,27.928900777470574,44.98908905291302
Maharashtra,castor seed,60.6707682353769,27.928900777470574,44.98908905291302
Maharashtra,cotton(lint),60.670768235376904,27.928900777470574,44.98908905291302
Maharashtra,gram,60.670768235376904,27.928900777470574,44.98908905291302
Maharashtra,groundnut,60.670768235376904,27.928900777470574,44.98908905291302
Maharashtra,jowar,60.670768235376904,27.928900777470574,44.98908905291302
Maharashtra,linseed,60.670768235376904,27.928900777470574,44.98908905291302
Maharashtra,maize,73.23160060828877,32.547378048128344,46.10878556818182
Maharashtra,moong(green gram),60.6707682353769,27.928900777470574,44.98908905291302
Maharashtra,niger seed,60.670768235376904,27.928900777470574,44.98908905291302
Maharashtra,other  rabi pulses,60.670768235376904,27.928900777470574,44.98908905291302
Maharashtra,other cereals,60.6707682353769,27.928900777470574,44.98908905291302
Maharashtra,other kharif pulses,60.670768235376904,27.928900777470574,44.98908905291302
Maharashtra,other oilseeds,60.6707682353769,27.928900777470574,44.98908905291302
Maharashtra,other summer pulses,60.6707682353769,27.928900777470574,44.98908905291302
Maharashtra,ragi,60.670768235376904,27.928900777470574,44.98908905291302
Maharashtra,rapeseed &mustard,60.6707682353769,27.928900777470574,44.98908905291302
Maharashtra,rice,50.047892857142855,24.022988571428574,44.04214571428571
Maharashtra,safflower,60.670768235376904,27.928900777470574,44.98908905291302
Maharashtra,sesamum,60.67076823537689,27.928900777470574,44.98908905291302
Maharashtra,small millets,60.67076823537689,27.928900777470574,44.98908905291302
Maharashtra,soyabean,60.670768235376904,27.928900777470574,44.98908905291302
Maharashtra,sugarcane,60.670768235376904,27.928900777470574,44.98908905291302
Maharashtra,sunflower,60.670768235376904,27.928900777470574,44.98908905291302
Maharashtra,tobacco,60.6707682353769,27.928900777470574,44.98908905291302
Maharashtra,urad,60.670768235376904,27.928900777470574,44.98908905291302
Maharashtra,wheat,60.670768235376904,27.928900777470574,44.98908905291302
Manipur,arhar/tur,60.6707682353769,27.928900777470574,44.98908905291302
Manipur,banana,60.6707682353769,27.928900777470574,44.98908905291302
Manipur,cashewnut,60.6707682353769,27.928900777470574,44.98908905291302
Manipur,cowpea(lobia),60.6707682353769,27.928900777470574,44.98908905291302
Manipur,dry chillies,60.6707682353769,27.928900777470574,44.98908905291302
Manipur,ginger,60.6707682353769,27.928900777470574,44.98908905291302
Manipur,gram,60.6707682353769,27.928900777470574,44.98908905291302
Manipur,groundnut,60.6707682353769,27.928900777470574,44.98908905291302
Manipur,maize,73.23160060828877,32.547378048128344,46.108785568181816
Manipur,masoor,60.6707682353769,27.928900777470574,44.98908905291302
Manipur,moong(green gram),60.6707682353769,27.928900777470574,44.98908905291302
Manipur,other  rabi pulses,60.6707682353769,27.928900777470574,44.98908905291302
Manipur,other kharif pulses,60.6707682353769,27.928900777470574,44.98908905291302
Manipur,peas & beans (pulses),60.6707682353769,27.928900777470574,44.98908905291302
Manipur,potato,60.6707682353769,27.928900777470574,44.98908905291302
Manipur,rapeseed &mustard,60.6707682353769,27.928900777470574,44.98908905291302
Manipur,rice,50.047892857142855,24.022988571428574,44.04214571428571
Manipur,soyabean,60.6707682353769,27.928900777470574,44.98908905291302
Manipur,sugarcane,60.6707682353769,27.928900777470574,44.98908905291302
Manipur,turmeric,60.6707682353769,27.928900777470574,44.98908905291302
Manipur,urad,60.6707682353769,27.928900777470574,44.98908905291302
Manipur,wheat,60.6707682353769,27.928900777470574,44.98908905291302
Meghalaya,arecanut,60.670768235376904,27.928900777470574,44.98908905291302
Meghalaya,arhar/tur,60.670768235376904,27.928900777470574,44.98908905291302
Meghalaya,banana,60.670768235376904,27.928900777470574,44.98908905291302
Meghalaya,black pepper,60.670768235376904,27.928900777470574,44.98908905291302
Meghalaya,cashewnut,60.670768235376904,27.928900777470574,44.98908905291302
Meghalaya,castor seed,60.670768235376904,27.928900777470574,44.98908905291302
Meghalaya,coriander,60.6707682353769,27.928900777470574,44.98908905291302
Meghalaya,cotton(lint),60.670768235376904,27.928900777470574,44.98908905291302
Meghalaya,cowpea(lobia),60.6707682353769,27.928900777470574,44.98908905291302
Meghalaya,dry chillies,60.670768235376904,27.928900777470574,44.98908905291302
Meghalaya,ginger,60.670768235376904,27.928900777470574,44.98908905291302
Meghalaya,gram,60.670768235376904,27.928900777470574,44.98908905291302
Meghalaya,jute,60.670768235376904,27.928900777470574,44.98908905291302
Meghalaya,linseed,60.670768235376904,27.928900777470574,44.98908905291302
Meghalaya,maize,73.23160060828877,32.547378048128344,46.108785568181816
Meghalaya,masoor,60.6707682353769,27.928900777470574,44.98908905291302
Meghalaya,mesta,60.670768235376904,27.928900777470574,44.98908905291302
Meghalaya,onion,60.6707682353769,27.928900777470574,44.98908905291302
Meghalaya,other  rabi pulses,60.6707682353769,27.928900777470574,44.98908905291302
Meghalaya,peas & beans (pulses),60.670768235376904,27.928900777470574,44.98908905291302
Meghalaya,potato,60.67076823537689,27.928900777470574,44.98908905291302
Meghalaya,rapeseed &mustard,60.670768235376904,27.928900777470574,44.98908905291302
Meghalaya,rice,50.047892857142855,24.022988571428574,44.04214571428571
Meghalaya,sesamum,60.670768235376904,27.928900777470574,44.98908905291302
Meghalaya,small millets,60.670768235376904,27.928900777470574,44.98908905291302
Meghalaya,soyabean,60.670768235376904,27.928900777470574,44.98908905291302
Meghalaya,sugarcane,60.670768235376904,27.928900777470574,44.98908905291302
Meghalaya,sweet potato,60.670768235376904,27.928900777470574,44.98908905291302
Meghalaya,tapioca,60.670768235376904,27.928900777470574,44.98908905291302
Meghalaya,tobacco,60.670768235376904,27.928900777470574,44.98908905291302
Meghalaya,turmeric,60.670768235376904,27.928900777470574,44.98908905291302
Meghalaya,wheat,60.670768235376904,27.928900777470574,44.98908905291302
Mizoram,arhar/tur,60.670768235376904,27.928900777470574,44.98908905291302
Mizoram,cotton(lint),60.670768235376904,27.928900777470574,44.98908905291302
Mizoram,cowpea(lobia),60.670768235376904,27.928900777470574,44.98908905291302
Mizoram,maize,73.23160060828877,32.547378048128344,46.108785568181816
Mizoram,onion,60.6707682353769,27.928900777470574,44.98908905291302
Mizoram,other  rabi pulses,60.670768235376904,27.928900777470574,44.98908905291302
Mizoram,other kharif pulses,60.670768235376904,27.928900777470574,44.98908905291302
Mizoram,other oilseeds,60.6707682353769,27.928900777470574,44.98908905291302
Mizoram,potato,60.6707682353769,27.928900777470574,44.98908905291302
Mizoram,rapeseed &mustard,60.670768235376904,27.928900777470574,44.98908905291302
Mizoram,rice,50.047892857142855,24.022988571428574,44.04214571428571
Mizoram,sesamum,60.670768235376904,27.928900777470574,44.98908905291302
Mizoram,soyabean,60.670768235376904,27.928900777470574,44.98908905291302
Mizoram,sugarcane,60.670768235376904,27.928900777470574,44.98908905291302
Mizoram,tapioca,60.670768235376904,27.928900777470574,44.98908905291302
Mizoram,tobacco,60.670768235376904,27.928900777470574,44.98908905291302
Nagaland,arhar/tur,60.670768235376904,27.928900777470574,44.98908905291302
Nagaland,bajra,60.670768235376904,27.928900777470574,44.98908905291302
Nagaland,barley,60.670768235376904,27.928900777470574,44.98908905291302
Nagaland,castor seed,60.670768235376904,27.928900777470574,44.98908905291302
Nagaland,cotton(lint),60.6707682353769,27.928900777470574,44.98908905291302
Nagaland,cowpea(lobia),60.6707682353769,27.928900777470574,44.98908905291302
Nagaland,ginger,60.670768235376904,27.928900777470574,44.98908905291302
Nagaland,gram,60.6707682353769,27.928900777470574,44.98908905291302
Nagaland,groundnut,60.670768235376904,27.928900777470574,44.98908905291302
Nagaland,horse-gram,60.6707682353769,27.928900777470574,44.98908905291302
Nagaland,jowar,60.670768235376904,27.928900777470574,44.98908905291302
Nagaland,jute,60.670768235376904,27.928900777470574,44.98908905291302
Nagaland,linseed,60.6707682353769,27.928900777470574,44.98908905291302
Nagaland,maize,73.23160060828877,32.547378048128344,46.108785568181816
Nagaland,masoor,60.670768235376904,27.928900777470574,44.98908905291302
Nagaland,mesta,60.670768235376904,27.928900777470574,44.98908905291302
Nagaland,moong(green gram),60.6707682353769,27.928900777470574,44.98908905291302
Nagaland,niger seed,60.6707682353769,27.928900777470574,44.98908905291302
Nagaland,other  rabi pulses,60.6707682353769,27.928900777470574,44.98908905291302
Nagaland,other cereals,60.6707682353769,27.928900777470574,44.98908905291302
Nagaland,other kharif pulses,60.6707682353769,27.928900777470574,44.98908905291302
Nagaland,other oilseeds,60.6707682353769,27.928900777470574,44.98908905291302
Nagaland,peas & beans (pulses),60.670768235376904,27.928900777470574,44.98908905291302
Nagaland,potato,60.670768235376904,27.928900777470574,44.98908905291302
Nagaland,ragi,60.670768235376904,27.928900777470574,44.98908905291302
Nagaland,rapeseed &mustard,60.670768235376904,27.928900777470574,44.98908905291302
Nagaland,rice,50.047892857142855,24.022988571428574,44.04214571428571
Nagaland,sesamum,60.670768235376904,27.928900777470574,44.98908905291302
Nagaland,small millets,60.670768235376904,27.928900777470574,44.98908905291302
Nagaland,soyabean,60.670768235376904,27.928900777470574,44.98908905291302
Nagaland,sugarcane,60.6707682353769,27.928900777470574,44.98908905291302
Nagaland,sunflower,60.670768235376904,27.928900777470574,44.98908905291302
Nagaland,sweet potato,60.670768235376904,27.928900777470574,44.98908905291302
Nagaland,tapioca,60.670768235376904,27.928900777470574,44.98908905291302
Nagaland,urad,60.67076823537689,27.928900777470574,44.98908905291302
Nagaland,wheat,60.670768235376904,27.928900777470574,44.98908905291302
Odisha,arhar/tur,60.6707682353769,27.928900777470574,44.98908905291302
Odisha,bajra,60.6707682353769,27.928900777470574,44.98908905291302
Odisha,castor seed,60.6707682353769,27.928900777470574,44.98908905291302
Odisha,coriander,60.6707682353769,27.928900777470574,44.98908905291302
Odisha,cotton(lint),60.6707682353769,27.928900777470574,44.98908905291302
Odisha,cowpea(lobia),60.6707682353769,27.928900777470574,44.98908905291302
Odisha,dry chillies,60.6707682353769,27.928900777470574,44.98908905291302
Odisha,garlic,60.6707682353769,27.928900777470574,44.98908905291302
Odisha,ginger,60.6707682353769,27.928900777470574,44.98908905291302
Odisha,gram,60.6707682353769,27.928900777470574,44.98908905291302
Odisha,groundnut,60.6707682353769,27.928900777470577,44.98908905291302
Odisha,horse-gram,60.670768235376904,27.928900777470574,44.98908905291302
Odisha,jowar,60.6707682353769,27.928900777470574,44.98908905291302
Odisha,jute,60.670768235376904,27.928900777470574,44.98908905291302
Odisha,linseed,60.6707682353769,27.928900777470574,44.98908905291302
Odisha,maize,73.23160060828877,32.547378048128344,46.10878556818182
Odisha,masoor,60.6707682353769,27.928900777470574,44.98908905291302
Odisha,mesta,60.6707682353769,27.928900777470574,44.98908905291302
Odisha,moong(green gram),60.6707682353769,27.928900777470577,44.98908905291302
Odisha,niger seed,60.6707682353769,27.928900777470574,44.98908905291302
Odisha,onion,60.6707682353769,27.928900777470574,44.98908905291302
Odisha,other  rabi pulses,60.6707682353769,27.928900777470574,44.98908905291302
Odisha,other kharif pulses,60.6707682353769,27.928900777470574,44.98908905291302
Odisha,peas & beans (pulses),60.6707682353769,27.928900777470574,44.98908905291302
Odisha,potato,60.670768235376904,27.928900777470574,44.98908905291302
Odisha,ragi,60.6707682353769,27.928900777470577,44.98908905291302
Odisha,rapeseed &mustard,60.670768235376904,27.928900777470574,44.98908905291302
Odisha,rice,50.047892857142855,24.022988571428574,44.04214571428571
Odisha,safflower,60.6707682353769,27.928900777470574,44.98908905291302
Odisha,sannhamp,60.6707682353769,27.928900777470574,44.98908905291302
Odisha,sesamum,60.6707682353769,27.928900777470577,44.98908905291302
Odisha,small millets,60.6707682353769,27.928900777470574,44.98908905291302
Odisha,sugarcane,60.670768235376904,27.928900777470574,44.98908905291302
Odisha,sunflower,60.6707682353769,27.928900777470574,44.98908905291302
Odisha,sweet potato,60.6707682353769,27.928900777470574,44.98908905291302
Odisha,tobacco,60.6707682353769,27.928900777470574,44.98908905291302
Odisha,turmeric,60.6707682353769,27.928900777470574,44.98908905291302
Odisha,urad,60.6707682353769,27.928900777470577,44.98908905291302
Odisha,wheat,60.670768235376904,27.928900777470574,44.98908905291302
Puducherry,arecanut,60.6707682353769,27.928900777470574,44.98908905291302
Puducherry,bajra,60.6707682353769,27.928900777470577,44.98908905291302
Puducherry,banana,60.670768235376904,27.928900777470574,44.98908905291302
Puducherry,black pepper,60.6707682353769,27.928900777470574,44.98908905291302
Puducherry,cashewnut,60.670768235376904,27.928900777470574,44.98908905291302
Puducherry,coconut,60.670768235376904,27.928900777470574,44.98908905291302
Puducherry,coriander,60.6707682353769,27.928900777470574,44.98908905291302
Puducherry,cotton(lint),60.670768235376904,27.928900777470574,44.98908905291302
Puducherry,dry chillies,60.67076823537689,27.928900777470574,44.98908905291302
Puducherry,groundnut,60.6707682353769,27.928900777470577,44.98908905291302
Puducherry,jowar,60.6707682353769,27.928900777470574,44.98908905291302
Puducherry,moong(green gram),60.6707682353769,27.928900777470577,44.98908905291302
Puducherry,onion,60.67076823537689,27.928900777470574,44.98908905291302
Puducherry,other  rabi pulses,60.67076823537689,27.928900777470574,44.98908905291302
Puducherry,other cereals,60.6707682353769,27.928900777470574,44.98908905291302
Puducherry,other kharif pulses,60.670768235376904,27.928900777470574,44.98908905291302
Puducherry,other summer pulses,60.6707682353769,27.928900777470574,44.98908905291302
Puducherry,ragi,60.67076823537689,27.928900777470574,44.98908905291302
Puducherry,rice,50.047892857142855,24.022988571428574,44.04214571428571
Puducherry,sesamum,60.6707682353769,27.928900777470577,44.98908905291302
Puducherry,small millets,60.6707682353769,27.928900777470574,44.98908905291302
Puducherry,sugarcane,60.670768235376904,27.928900777470574,44.98908905291302
Puducherry,sweet potato,60.6707682353769,27.928900777470574,44.98908905291302
Puducherry,tapioca,60.6707682353769,27.928900777470574,44.98908905291302
Puducherry,tobacco,60.6707682353769,27.928900777470574,44.98908905291302
Puducherry,turmeric,60.6707682353769,27.928900777470574,44.98908905291302
Puducherry,urad,60.6707682353769,27.928900777470577,44.98908905291302
Punjab,arhar/tur,60.670768235376904,27.928900777470574,44.98908905291302
Punjab,bajra,60.6707682353769,27.928900777470574,44.98908905291302
Punjab,barley,60.670768235376904,27.928900777470574,44.98908905291302
Punjab,cotton(lint),60.670768235376904,27.928900777470574,44.98908905291302
Punjab,gram,60.670768235376904,27.928900777470574,44.98908905291302
Punjab,groundnut,60.670768235376904,27.928900777470574,44.98908905291302
Punjab,guar seed,60.670768235376904,27.928900777470574,44.98908905291302
Punjab,maize,73.23160060828877,32.547378048128344,46.108785568181816
Punjab,masoor,60.670768235376904,27.928900777470574,44.98908905291302
Punjab,moong(green gram),60.6707682353769,27.928900777470574,44.98908905291302
Punjab,other oilseeds,60.6707682353769,27.928900777470574,44.98908905291302
Punjab,peas & beans (pulses),60.670768235376904,27.928900777470574,44.98908905291302
Punjab,rapeseed &mustard,60.670768235376904,27.928900777470574,44.98908905291302
Punjab,rice,50.047892857142855,24.022988571428574,44.04214571428571
Punjab,sesamum,60.670768235376904,27.928900777470574,44.98908905291302
Punjab,sugarcane,60.670768235376904,27.928900777470574,44.98908905291302
Punjab,sunflower,60.6707682353769,27.928900777470574,44.98908905291302
Punjab,urad,60.670768235376904,27.928900777470574,44.98908905291302
Punjab,wheat,60.670768235376904,27.928900777470574,44.98908905291302
Sikkim,barley,60.670768235376904,27.928900777470574,44.98908905291302
Sikkim,maize,73.23160060828877,32.547378048128344,46.108785568181816
Sikkim,other cereals,60.6707682353769,27.928900777470574,44.98908905291302
Sikkim,other kharif pulses,60.670768235376904,27.928900777470574,44.98908905291302
Sikkim,rapeseed &mustard,60.670768235376904,27.928900777470574,44.98908905291302
Sikkim,rice,50.047892857142855,24.022988571428574,44.04214571428571
Sikkim,small millets,60.670768235376904,27.928900777470574,44.98908905291302
Sikkim,soyabean,60.670768235376904,27.928900777470574,44.98908905291302
Sikkim,urad,60.670768235376904,27.928900777470574,44.98908905291302
Sikkim,wheat,60.670768235376904,27.928900777470574,44.98908905291302
Tamil Nadu,arecanut,60.6707682353769,27.928900777470574,44.98908905291302
Tamil Nadu,arhar/tur,60.6707682353769,27.928900777470574,44.98908905291302
Tamil Nadu,bajra,60.6707682353769,27.928900777470574,44.98908905291302
Tamil Nadu,banana,60.6707682353769,27.928900777470574,44.98908905291302
Tamil Nadu,black pepper,60.6707682353769,27.928900777470574,44.98908905291302
Tamil Nadu,cardamom,60.6707682353769,27.928900777470574,44.98908905291302
Tamil Nadu,cashewnut,60.6707682353769,27.928900777470574,44.98908905291302
Tamil Nadu,castor seed,60.670768235376904,27.928900777470574,44.98908905291302
Tamil Nadu,coconut,60.6707682353769,27.928900777470574,44.98908905291302
Tamil Nadu,coriander,60.6707682353769,27.928900777470574,44.98908905291302
Tamil Nadu,cotton(lint),60.6707682353769,27.928900777470574,44.98908905291302
Tamil Nadu,cowpea(lobia),60.6707682353769,27.928900777470574,44.98908905291302
Tamil Nadu,dry chillies,60.6707682353769,27.928900777470574,44.98908905291302
Tamil Nadu,garlic,60.6707682353769,27.928900777470574,44.98908905291302
Tamil Nadu,ginger,60.6707682353769,27.928900777470574,44.98908905291302
Tamil Nadu,gram,60.670768235376904,27.928900777470574,44.98908905291302
Tamil Nadu,groundnut,60.6707682353769,27.928900777470574,44.98908905291302
Tamil Nadu,horse-gram,60.6707682353769,27.928900777470574,44.98908905291302
Tamil Nadu,jowar,60.6707682353769,27.928900777470574,44.98908905291302
Tamil Nadu,jute,60.6707682353769,27.928900777470574,44.98908905291302
Tamil Nadu,maize,73.23160060828877,32.547378048128344,46.108785568181816
Tamil Nadu,masoor,60.6707682353769,27.928900777470574,44.98908905291302
Tamil Nadu,moong(green gram),60.6707682353769,27.928900777470574,44.98908905291302
Tamil Nadu,onion,60.67076823537689,27.928900777470574,44.98908905291302
Tamil Nadu,other  rabi pulses,60.6707682353769,27.928900777470574,44.98908905291302
Tamil Nadu,other cereals,60.6707682353769,27.928900777470574,44.98908905291302
Tamil Nadu,other kharif pulses,60.6707682353769,27.928900777470574,44.98908905291302
Tamil Nadu,potato,60.67076823537689,27.928900777470574,44.98908905291302
Tamil Nadu,ragi,60.6707682353769,27.928900777470574,44.98908905291302
Tamil Nadu,rapeseed &mustard,60.6707682353769,27.928900777470574,44.98908905291302
Tamil Nadu,rice,50.047892857142855,24.022988571428574,44.04214571428572
Tamil Nadu,sesamum,60.6707682353769,27.928900777470574,44.98908905291302
Tamil Nadu,small millets,60.670768235376904,27.928900777470574,44.98908905291302
Tamil Nadu,sugarcane,60.670768235376904,27.928900777470574,44.98908905291302
Tamil Nadu,sunflower,60.6707682353769,27.928900777470574,44.98908905291302
Tamil Nadu,sweet potato,60.6707682353769,27.928900777470574,44.98908905291302
Tamil Nadu,tapioca,60.6707682353769,27.928900777470574,44.98908905291302
Tamil Nadu,tobacco,60.6707682353769,27.928900777470574,44.98908905291302
Tamil Nadu,turmeric,60.6707682353769,27.928900777470574,44.98908905291302
Tamil Nadu,urad,60.6707682353769,27.928900777470574,44.98908905291302
Telangana,arhar/tur,60.6707682353769,27.928900777470574,44.98908905291302
Telangana,bajra,60.6707682353769,27.928900777470574,44.98908905291302
Telangana,banana,60.6707682353769,27.928900777470574,44.98908905291302
Telangana,cashewnut,60.6707682353769,27.928900777470574,44.98908905291302
Telangana,castor seed,60.6707682353769,27.928900777470574,44.98908905291302
Telangana,coconut,60.6707682353769,27.928900777470574,44.98908905291302
Telangana,coriander,60.6707682353769,27.928900777470574,44.98908905291302
Telangana,cotton(lint),60.6707682353769,27.928900777470574,44.98908905291302
Telangana,cowpea(lobia),60.6707682353769,27.928900777470574,44.98908905291302
Telangana,dry chillies,60.6707682353769,27.928900777470574,44.98908905291302
Telangana,garlic,60.6707682353769,27.928900777470574,44.98908905291302
Telangana,ginger,60.67076823537689,27.928900777470574,44.98908905291302
Telangana,gram,60.670768235376904,27.928900777470574,44.98908905291302
Telangana,groundnut,60.6707682353769,27.928900777470574,44.98908905291302
Telangana,horse-gram,60.6707682353769,27.928900777470574,44.98908905291302
Telangana,jowar,60.6707682353769,27.928900777470574,44.98908905291302
Telangana,linseed,60.6707682353769,27.928900777470574,44.98908905291302
Telangana,maize,73.23160060828877,32.547378048128344,46.108785568181816
Telangana,masoor,60.6707682353769,27.928900777470574,44.98908905291302
Telangana,mesta,60.6707682353769,27.928900777470574,44.98908905291302
Telangana,moong(green gram),60.6707682353769,27.928900777470574,44.98908905291302
Telangana,onion,60.6707682353769,27.928900777470574,44.98908905291302
Telangana,other  rabi pulses,60.6707682353769,27.928900777470574,44.98908905291302
Telangana,other kharif pulses,60.6707682353769,27.928900777470574,44.98908905291302
Telangana,other oilseeds,60.6707682353769,27.928900777470574,44.98908905291302
Telangana,potato,60.6707682353769,27.928900777470574,44.98908905291302
Telangana,ragi,60.6707682353769,27.928900777470574,44.98908905291302
Telangana,rapeseed &mustard,60.6707682353769,27.928900777470574,44.98908905291302
Telangana,rice,50.047892857142855,24.022988571428574,44.04214571428571
Telangana,safflower,60.670768235376904,27.928900777470574,44.98908905291302
Telangana,sesamum,60.6707682353769,27.928900777470574,44.98908905291302
Telangana,small millets,60.67076823537689,27.928900777470574,44.98908905291302
Telangana,soyabean,60.67076823537689,27.928900777470574,44.98908905291302
Telangana,sugarcane,60.6707682353769,27.928900777470574,44.98908905291302
Telangana,sunflower,60.6707682353769,27.928900777470574,44.98908905291302
Telangana,sweet potato,60.6707682353769,27.928900777470574,44.98908905291302
Telangana,tobacco,60.6707682353769,27.928900777470574,44.98908905291302
Telangana,turmeric,60.6707682353769,27.928900777470574,44.98908905291302
Telangana,urad,60.6707682353769,27.928900777470574,44.98908905291302
Telangana,wheat,60.670768235376904,27.928900777470574,44.98908905291302
Tripura,arhar/tur,60.670768235376904,27.928900777470574,44.98908905291302
Tripura,cotton(lint),60.670768235376904,27.928900777470574,44.98908905291302
Tripura,cowpea(lobia),60.6707682353769,27.928900777470574,44.98908905291302
Tripura,gram,60.670768235376904,27.928900777470574,44.98908905291302
Tripura,groundnut,60.670768235376904,27.928900777470574,44.98908905291302
Tripura,jowar,60.6707682353769,27.928900777470574,44.98908905291302
Tripura,jute,60.670768235376904,27.928900777470574,44.98908905291302
Tripura,khesari,60.6707682353769,27.928900777470574,44.98908905291302
Tripura,linseed,60.6707682353769,27.928900777470574,44.98908905291302
Tripura,maize,73.23160060828877,32.547378048128344,46.108785568181816
Tripura,masoor,60.670768235376904,27.928900777470574,44.98908905291302
Tripura,mesta,60.670768235376904,27.928900777470574,44.98908905291302
Tripura,moong(green gram),60.670768235376904,27.928900777470574,44.98908905291302
Tripura,other  rabi pulses,60.670768235376904,27.928900777470574,44.98908905291302
Tripura,other kharif pulses,60.670768235376904,27.928900777470574,44.98908905291302
Tripura,other oilseeds,60.6707682353769,27.928900777470574,44.98908905291302
Tripura,peas & beans (pulses),60.670768235376904,27.928900777470574,44.98908905291302
Tripura,rapeseed &mustard,60.670768235376904,27.928900777470574,44.98908905291302
Tripura,rice,50.04789285714286,24.022988571428574,44.04214571428571
Tripura,sesamum,60.670768235376904,27.928900777470574,44.98908905291302
Tripura,small millets,60.6707682353769,27.928900777470574,44.98908905291302
Tripura,soyabean,60.6707682353769,27.928900777470574,44.98908905291302
Tripura,sugarcane,60.670768235376904,27.928900777470574,44.98908905291302
Tripura,urad,60.670768235376904,27.928900777470574,44.98908905291302
Tripura,wheat,60.670768235376904,27.928900777470574,44.98908905291302
Uttar Pradesh,arhar/tur,60.670768235376904,27.928900777470574,44.98908905291302
Uttar Pradesh,bajra,60.670768235376904,27.928900777470574,44.98908905291302
Uttar Pradesh,banana,60.670768235376904,27.928900777470574,44.98908905291302
Uttar Pradesh,barley,60.670768235376904,27.928900777470574,44.98908905291302
Uttar Pradesh,coriander,60.670768235376904,27.928900777470574,44.98908905291302
Uttar Pradesh,cotton(lint),60.670768235376904,27.928900777470574,44.98908905291302
Uttar Pradesh,dry chillies,60.670768235376904,27.928900777470574,44.98908905291302
Uttar Pradesh,garlic,60.670768235376904,27.928900777470574,44.98908905291302
Uttar Pradesh,ginger,60.670768235376904,27.928900777470574,44.98908905291302
Uttar Pradesh,gram,60.670768235376904,27.928900777470574,44.98908905291302
Uttar Pradesh,groundnut,60.670768235376904,27.928900777470574,44.98908905291302
Uttar Pradesh,guar seed,60.670768235376904,27.928900777470574,44.98908905291302
Uttar Pradesh,jowar,60.670768235376904,27.928900777470574,44.98908905291302
Uttar Pradesh,linseed,60.670768235376904,27.928900777470574,44.98908905291302
Uttar Pradesh,maize,73.23160060828877,32.547378048128344,46.10878556818182
Uttar Pradesh,masoor,60.670768235376904,27.928900777470574,44.98908905291302
Uttar Pradesh,moong(green gram),60.670768235376904,27.928900777470574,44.98908905291302
Uttar Pradesh,onion,60.670768235376904,27.928900777470574,44.98908905291302
Uttar Pradesh,peas & beans (pulses),60.670768235376904,27.928900777470574,44.98908905291302
Uttar Pradesh,potato,60.670768235376904,27.928900777470574,44.98908905291302
Uttar Pradesh,rapeseed &mustard,60.670768235376904,27.928900777470574,44.98908905291302
Uttar Pradesh,rice,50.047892857142855,24.022988571428574,44.04214571428571
Uttar Pradesh,sannhamp,60.670768235376904,27.928900777470574,44.98908905291302
Uttar Pradesh,sesamum,60.670768235376904,27.928900777470574,44.98908905291302
Uttar Pradesh,small millets,60.6707682353769,27.928900777470574,44.98908905291302
Uttar Pradesh,soyabean,60.670768235376904,27.928900777470574,44.98908905291302
Uttar Pradesh,sugarcane,60.670768235376904,27.928900777470574,44.98908905291302
Uttar Pradesh,sunflower,60.670768235376904,27.928900777470574,44.98908905291302
Uttar Pradesh,sweet potato,60.670768235376904,27.928900777470574,44.98908905291302
Uttar Pradesh,tobacco,60.670768235376904,27.928900777470574,44.98908905291302
Uttar Pradesh,turmeric,60.670768235376904,27.928900777470574,44.98908905291302
Uttar Pradesh,urad,60.670768235376904,27.928900777470574,44.98908905291302
Uttar Pradesh,wheat,60.670768235376904,27.928900777470574,44.98908905291302
Uttarakhand,arhar/tur,60.670768235376904,27.928900777470574,44.98908905291302
Uttarakhand,bajra,60.6707682353769,27.928900777470574,44.98908905291302
Uttarakhand,barley,60.670768235376904,27.928900777470574,44.98908905291302
Uttarakhand,garlic,60.6707682353769,27.928900777470574,44.98908905291302
Uttarakhand,gram,60.670768235376904,27.928900777470574,44.98908905291302
Uttarakhand,groundnut,60.670768235376904,27.928900777470574,44.98908905291302
Uttarakhand,horse-gram,60.670768235376904,27.928900777470574,44.98908905291302
Uttarakhand,jowar,60.6707682353769,27.928900777470574,44.98908905291302
Uttarakhand,linseed,60.6707682353769,27.928900777470574,44.98908905291302
Uttarakhand,maize,73.23160060828877,32.547378048128344,46.108785568181816
Uttarakhand,masoor,60.670768235376904,27.928900777470574,44.98908905291302
Uttarakhand,moong(green gram),60.67076823537689,27.928900777470574,44.98908905291302
Uttarakhand,moth,60.6707682353769,27.928900777470574,44.98908905291302
Uttarakhand,onion,60.670768235376904,27.928900777470574,44.98908905291302
Uttarakhand,other  rabi pulses,60.670768235376904,27.928900777470574,44.98908905291302
Uttarakhand,other cereals,60.6707682353769,27.928900777470574,44.98908905291302
Uttarakhand,other kharif pulses,60.670768235376904,27.928900777470574,44.98908905291302
Uttarakhand,other oilseeds,60.6707682353769,27.928900777470574,44.98908905291302
Uttarakhand,other summer pulses,60.6707682353769,27.928900777470574,44.98908905291302
Uttarakhand,peas & beans (pulses),60.670768235376904,27.928900777470574,44.98908905291302
Uttarakhand,potato,60.670768235376904,27.928900777470574,44.98908905291302
Uttarakhand,ragi,60.670768235376904,27.928900777470574,44.98908905291302
Uttarakhand,rapeseed &mustard,60.670768235376904,27.928900777470574,44.98908905291302
Uttarakhand,rice,50.047892857142855,24.022988571428574,44.04214571428571
Uttarakhand,sesamum,60.670768235376904,27.928900777470574,44.98908905291302
Uttarakhand,small millets,60.670768235376904,27.928900777470574,44.98908905291302
Uttarakhand,soyabean,60.670768235376904,27.928900777470574,44.98908905291302
Uttarakhand,sugarcane,60.670768235376904,27.928900777470574,44.98908905291302
Uttarakhand,sunflower,60.670768235376904,27.928900777470574,44.98908905291302
Uttarakhand,tobacco,60.6707682353769,27.928900777470574,44.98908905291302
Uttarakhand,turmeric,60.670768235376904,27.928900777470574,44.98908905291302
Uttarakhand,urad,60.670768235376904,27.928900777470574,44.98908905291302
Uttarakhand,wheat,60.670768235376904,27.928900777470574,44.98908905291302
West Bengal,arhar/tur,60.670768235376904,27.928900777470574,44.98908905291302
West Bengal,bajra,60.670768235376904,27.928900777470574,44.98908905291302
West Bengal,barley,60.670768235376904,27.928900777470574,44.98908905291302
West Bengal,castor seed,60.6707682353769,27.928900777470574,44.98908905291302
West Bengal,coconut,60.670768235376904,27.928900777470574,44.98908905291302
West Bengal,cotton(lint),60.670768235376904,27.928900777470574,44.98908905291302
West Bengal,gram,60.670768235376904,27.928900777470574,44.98908905291302
West Bengal,groundnut,60.6707682353769,27.928900777470577,44.98908905291302
West Bengal,horse-gram,60.670768235376904,27.928900777470574,44.98908905291302
West Bengal,jowar,60.670768235376904,27.928900777470574,44.98908905291302
West Bengal,jute,60.670768235376904,27.928900777470574,44.98908905291302
West Bengal,khesari,60.670768235376904,27.928900777470574,44.98908905291302
West Bengal,linseed,60.670768235376904,27.928900777470574,44.98908905291302
West Bengal,maize,73.23160060828877,32.547378048128344,46.10878556818182
West Bengal,masoor,60.670768235376904,27.928900777470574,44.98908905291302
West Bengal,mesta,60.670768235376904,27.928900777470574,44.98908905291302
West Bengal,moong(green gram),60.6707682353769,27.928900777470577,44.98908905291302
West Bengal,moth,60.6707682353769,27.928900777470574,44.98908905291302
West Bengal,niger seed,60.670768235376904,27.928900777470574,44.98908905291302
West Bengal,other  rabi pulses,60.670768235376904,27.928900777470574,44.98908905291302
West Bengal,other kharif pulses,60.670768235376904,27.928900777470574,44.98908905291302
West Bengal,peas & beans (pulses),60.670768235376904,27.928900777470574,44.98908905291302
West Bengal,potato,60.670768235376904,27.928900777470574,44.98908905291302
West Bengal,ragi,60.670768235376904,27.928900777470574,44.98908905291302
West Bengal,rapeseed &mustard,60.670768235376904,27.928900777470574,44.98908905291302
West Bengal,rice,50.047892857142855,24.022988571428574,44.04214571428571
West Bengal,safflower,60.6707682353769,27.928900777470574,44.98908905291302
West Bengal,sannhamp,60.670768235376904,27.928900777470574,44.98908905291302
West Bengal,sesamum,60.6707682353769,27.928900777470577,44.98908905291302
West Bengal,small millets,60.670768235376904,27.928900777470574,44.98908905291302
West Bengal,soyabean,60.670768235376904,27.928900777470574,44.98908905291302
West Bengal,sugarcane,60.670768235376904,27.928900777470574,44.98908905291302
West Bengal,sunflower,60.670768235376904,27.928900777470574,44.98908905291302
West Bengal,tobacco,60.670768235376904,27.928900777470574,44.98908905291302
West Bengal,urad,60.670768235376904,27.928900777470574,44.98908905291302
West Bengal,wheat,60.670768235376904,27.928900777470574,44.98908905291302
